task,session,raw,final,csv,sheetX,paramSource,drift
breathingTask,250623_Dupi_NMH_KS_1,raw_breathingTasks,VALID,closed-loop,X,curated,
breathingTask,250723_EEG_NWU_BK,raw_breathingTasks,VALID,closed-loop,X,curated,
breathingTask,250723_EEG_NWU_IN,raw_breathingTasks,VALID,closed-loop,X,curated,
breathingTask,250725_EEG_NWU_BN,raw_breathingTasks,VALID,closed-loop,X,curated,
breathingTask,250623_Dupi_NMH_KS_2,raw_breathingTasks,VALID,closed-loop,X,curated,
breathingTask,250815_EEG_NWU_PP,raw_breathingTasks,VALID,closed-loop,X,curated,
breathingTask,250818_Dupi_NMH_JH_1,raw_breathingTasks,VALID,closed-loop,X,curated,
breathingTask,250819_EEG_NWU_ZL,raw_breathingTasks,VALID,closed-loop,X,curated,
breathingTask,250908_OBE_NWU_AS,raw_breathingTasks,VALID,closed-loop,X,curated,
breathingTask,250904_OBE_NWU_TI_1,raw_breathingTasks,VALID,closed-loop,X,curated,
breathingTask,250912_EEG_NWU_JN,raw_breathingTasks,VALID,closed-loop,X,curated,
breathingTask,250818_Dupi_NMH_JH_2,raw_breathingTasks,VALID,closed-loop,X,curated,
breathingTask,250811_Dupi_NMH_TPB_1,raw_breathingTasks,VALID,closed-loop,X,curated,
breathingTask,251003_EEG_NWU_TI,raw_waveBreathing,VALID,closed-loop,X,curated,
breathingTask,251008_EEG_NWU_GM,raw_waveBreathing,VALID,closed-loop,X,curated,
breathingTask,251008_EEG_NWU_JC,raw_waveBreathing,VALID,closed-loop,X,curated,
breathingTask,251009_EEG_NWU_JM,raw_breathingTasks,VALID,closed-loop,X,curated,
breathingTask,250811_Dupi_NMH_TB_2,raw_breathingTasks,VALID,closed-loop,X,curated,
breathingTask,250929_Dupi_NMH_GH_1,raw_breathingTasks,VALID,closed-loop,X,curated,
breathingTask,251027_EEG_NWU_AS,raw_waveBreathing,VALID,closed-loop,X,curated,
breathingTask,251009_OBE_NWU_CP_1,raw_breathingTasks,VALID,closed-loop,X,curated,
breathingTask,251009_EEG_NWU_SM,raw_waveBreathing,VALID,closed-loop,X,curated,
breathingTask,251105_EEG_NWU_GL,raw_waveBreathing,VALID,closed-loop,X,curated,
breathingTask,251002_Dupi_NMH_AB_1,raw_breathingTasks,VALID,closed-loop,X,curated,
breathingTask,251110_EEG_NWU_GA,raw_breathingTasks,VALID,closed-loop,X,curated,
breathingTask,251111_EEG_NWU_VW,raw_breathingTasks,VALID,closed-loop,X,curated,
breathingTask,251113_EEG_NWU_GH,raw_breathingTasks,VALID,closed-loop,X,curated,
breathingTask,251118_EEG_NWU_ADtest,raw_breathingTasks,VALID,closed-loop,X,curated,
breathingTask,251027_Dupi_NMH_DL_1,raw_breathingTasks,VALID,closed-loop,X,curated,
breathingTask,251202_EEG_NWU_GJ,raw_breathingTasks,VALID,closed-loop,X,curated,
breathingTask,250929_Dupi_NMH_GH_2,raw_breathingTasks,VALID,closed-loop,X,curated,
breathingTask,251205_EEG_NWU_AK,raw_breathingTasks,VALID,closed-loop,X,curated,
breathingTask,251208_EEG_NWU_ZA,raw_breathingTasks,VALID,closed-loop,X,curated,
breathingTask,251002_Dupi_NMH_AB_2,raw_breathingTasks,VALID,closed-loop,X,curated,
breathingTask,251013_Dupi_NMH_JN_2,raw_breathingTasks,VALID,closed-loop,X,curated,
breathingTask,250623_Dupi_NMH_KS_3,raw_breathingTasks,VALID,closed-loop,X,guess,
breathingTask,260109_EEG_NWU_AA,raw_breathingTasks,VALID,closed-loop,X,curated,
breathingTask,251030_Dupi_NMH_DB_1,raw_breathingTasks,VALID,closed-loop,X,curated,
breathingTask,251110_Dupi_NMH_PC_1,raw_breathingTasks,VALID,closed-loop,X,curated,
breathingTask,251120_Dupi_NMH_JL_1,raw_breathingTasks,VALID,closed-loop,X,curated,
breathingTask,250818_Dupi_NMH_JH_3,raw_breathingTasks,VALID,closed-loop,X,curated,
breathingTask,251030_Dupi_NMH_DB_2,raw_breathingTasks,VALID,closed-loop,X,curated,
breathingTask,251110_Dupi_NMH_PC_2,raw_breathingTasks,NONE,MISSING,,guess,
breathingTask,260227_EEG_NWU_HW,raw_waveBreathing,NONE,MISSING,,guess,
breathingTask,251120_Dupi_NMH_JL_2,raw_breathingTasks,NONE,MISSING,,guess,
breathingTask,250811_Dupi_NMH_TB_3,raw_breathingTasks,NONE,MISSING,,guess,
breathingTask,250929_Dupi_NMH_GH_3,raw_breathingTasks,NONE,MISSING,,guess,
breathingTask,251002_Dupi_NMH_AB_3,raw_breathingTasks,NONE,MISSING,,guess,
breathingTask,260326_OBE_NWU_AD_1,raw_breathingTasks,NONE,EEGsync,,guess,
breathingTask,251013_Dupi_NMH_JN_3,raw_breathingTasks,NONE,MISSING,,guess,
breathingTask,260406_Dupi_NMH_BS_1,raw_breathingTasks,NONE,MISSING,,guess,
breathingTask,260326_OBE_NWU_AD_2,raw_breathingTasks,NONE,MISSING,,guess,
breathingTask,260316_Dupi_NMH_PD_1,raw_breathingTasks,NONE,MISSING,,guess,
breathingTask,260504_Dupi_NMH_JA_1,raw_breathingTasks,NONE,MISSING,,guess,
breathingTask,260514_OBE_NWU_BW_1,raw_breathingTasks,NONE,MISSING,,guess,
breathingTask,260608_OBE_NWU_RX_1,raw_breathingTasks,NONE,MISSING,,guess,
breathingTask,260316_Dupi_NMH_PD_2,raw_breathingTasks,NONE,MISSING,,guess,
breathingTask,260504_Dupi_NMH_JA_2,raw_breathingTasks,NONE,MISSING,,guess,
cueTask,230611_OBE_NMH_AZ,raw_cueTaskOdor1,VALID,-,X,curated,
cueTask,241017_OBE_NMH_AS,raw_cueTaskOdor1,VALID,-,X,curated,
cueTask,240923_OBE_NMH_HRM,raw_cueTaskOdor1,VALID,-,X,curated,
cueTask,250310_OBE_NMH_FS,raw_cueTaskOdor1,VALID,-,X,curated,
cueTask,250313_OBE_NMH_CS,raw_cueTaskOdor1,VALID,-,X,curated,
cueTask,250623_Dupi_NMH_KS_1,raw_cueTaskOdor,VALID,-,X,curated,
cueTask,250623_Dupi_NMH_KS_2,raw_cueTaskOdor,VALID,-,X,curated,
cueTask,250818_Dupi_NMH_JH_1,raw_cueTaskOdor,VALID,-,X,curated,
cueTask,250818_Dupi_NMH_JH_2,raw_cueTaskOdor,VALID,-,X,curated,
cueTask,250811_Dupi_NMH_TPB_1,raw_cueTaskOdor,VALID,-,X,curated,
cueTask,250811_Dupi_NMH_TB_2,raw_cueTaskOdor,VALID,-,X,curated,
cueTask,250929_Dupi_NMH_GH_1,raw_cueTaskOdor,VALID,-,X,curated,
cueTask,251002_Dupi_NMH_AB_1,raw_cueTaskOdor,VALID,-,X,curated,
cueTask,251027_Dupi_NMH_DL_1,raw_cueTaskOdor,VALID,-,X,curated,
cueTask,250929_Dupi_NMH_GH_2,raw_cueTaskOdor,VALID,-,X,curated,
cueTask,251002_Dupi_NMH_AB_2,raw_cueTaskOdor,VALID,-,X,curated,
cueTask,251013_Dupi_NMH_JN_2,raw_cueTaskOdor,VALID,-,X,curated,
cueTask,250623_Dupi_NMH_KS_3,raw_cueTaskOdor,VALID,-,X,curated,
cueTask,251030_Dupi_NMH_DB_1,raw_cueTaskOdor,VALID,-,X,curated,
cueTask,251110_Dupi_NMH_PC_1,raw_cueTaskOdor,VALID,-,X,curated,
cueTask,251120_Dupi_NMH_JL_1,raw_cueTaskOdor,VALID,-,X,curated,
cueTask,250818_Dupi_NMH_JH_3,raw_cueTaskOdor,VALID,-,X,curated,
cueTask,251030_Dupi_NMH_DB_2,raw_cueTaskOdor,VALID,-,X,curated,
cueTask,251110_Dupi_NMH_PC_2,raw_cueTaskOdor,VALID,-,X,curated,
cueTask,251120_Dupi_NMH_JL_2,raw_cueTaskOdor,VALID,-,X,curated,
cueTask,250811_Dupi_NMH_TB_3,raw_cueTaskOdor,VALID,-,X,curated,
cueTask,250929_Dupi_NMH_GH_3,raw_cueTaskOdor,VALID,-,X,curated,
cueTask,251002_Dupi_NMH_AB_3,raw_cueTaskOdor,VALID,-,X,curated,
cueTask,251013_Dupi_NMH_JN_3,raw_cueTaskOdor,VALID,-,X,curated,
cueTask,260406_Dupi_NMH_BS_1,raw_cueTaskOdor,VALID,-,X,curated,
cueTask,260326_OBE_NWU_AD_2,raw_cueTaskOdor,VALID,-,row?,curated,
cueTask,260316_Dupi_NMH_PD_1,raw_cueTaskOdor,VALID,-,X,curated,
cueTask,260504_Dupi_NMH_JA_1,raw_cueTaskOdor,VALID,-,X,curated,
cueTask,260406_Dupi_NMH_BS_2,raw_cueTaskOdor,VALID,-,X,curated,
cueTask,260514_OBE_NWU_BW_1,raw_cueTaskOdor,VALID,-,X,curated,
cueTask,260608_OBE_NWU_RX_1,raw_cueTaskOdor,VALID,-,X,curated,
cueTask,260316_Dupi_NMH_PD_2,raw_cueTaskOdor,INCOMPLETE missing:moreThan1,-,,guess,
cueTask,260504_Dupi_NMH_JA_2,raw_cueTaskOdor,INCOMPLETE missing:moreThan1,-,,guess,
cueTask,260702_OBE_NWU_SP_2,raw_cueTaskOdor,INCOMPLETE missing:moreThan1,-,,guess,
cueTask,260622_OBE_NWU_RC_1,raw_cueTaskOdor,INCOMPLETE missing:moreThan1,-,,guess,
cueTask,260720_OBE_NWU_KA_2,raw_cueTask,NONE,-,,guess,
threshTask,250623_Dupi_NMH_KS_1,raw_PEAintensityPleasantness_threshold,VALID,-,X,curated,
threshTask,250623_Dupi_NMH_KS_2,raw_PEAintensityPleasantness_threshold,VALID,-,X,curated,
threshTask,250818_Dupi_NMH_JH_1,raw_PEAintensityPleasantness_threshold,VALID,-,X,curated,
threshTask,250818_Dupi_NMH_JH_2,raw_PEAintensityPleasantness_threshold,VALID,-,X,curated,
threshTask,250811_Dupi_NMH_TPB_1,raw_PEAintensityPleasantness_threshold,VALID,-,X,curated,
threshTask,250811_Dupi_NMH_TB_2,raw_PEAintensityPleasantness_threshold,VALID,-,X,curated,
threshTask,250929_Dupi_NMH_GH_1,raw_PEAintensityPleasantness_threshold,VALID,-,X,curated,
threshTask,251002_Dupi_NMH_AB_1,raw_PEAintensityPleasantness_threshold,VALID,-,X,curated,
threshTask,251027_Dupi_NMH_DL_1,raw_PEAintensityPleasantness_threshold,VALID,-,X,curated,
threshTask,250929_Dupi_NMH_GH_2,raw_PEAintensityPleasantness_threshold,VALID,-,X,curated,
threshTask,251002_Dupi_NMH_AB_2,raw_PEAintensityPleasantness_threshold,VALID,-,X,curated,
threshTask,251013_Dupi_NMH_JN_2,raw_PEAintensityPleasantness_threshold,VALID,-,X,curated,
threshTask,250623_Dupi_NMH_KS_3,raw_PEAintensityPleasantness_threshold,VALID,-,X,curated,
threshTask,251030_Dupi_NMH_DB_1,raw_PEAintensityPleasantness_threshold,VALID,-,X,curated,
threshTask,251110_Dupi_NMH_PC_1,raw_PEAintensityPleasantness_threshold,VALID,-,X,curated,
threshTask,251120_Dupi_NMH_JL_1,raw_PEAintensityPleasantness_threshold,VALID,-,X,curated,
threshTask,250818_Dupi_NMH_JH_3,raw_PEAintensityPleasantness_threshold,VALID,-,X,curated,
threshTask,251030_Dupi_NMH_DB_2,raw_PEAintensityPleasantness_threshold,VALID,-,X,curated,
threshTask,251110_Dupi_NMH_PC_2,raw_PEAintensityPleasantness_threshold,VALID,-,X,curated,
threshTask,251120_Dupi_NMH_JL_2,raw_PEAintensityPleasantness_threshold,VALID,-,X,curated,
threshTask,250811_Dupi_NMH_TB_3,raw_PEAintensityPleasantness_threshold,VALID,-,X,curated,
threshTask,250929_Dupi_NMH_GH_3,raw_PEAintensityPleasantness_threshold,VALID,-,X,curated,
threshTask,251002_Dupi_NMH_AB_3,raw_PEAintensityPleasantness_threshold,VALID,-,X,curated,
threshTask,251013_Dupi_NMH_JN_3,raw_PEAintensityPleasantness_threshold,VALID,-,X,curated,
threshTask,260406_Dupi_NMH_BS_1,raw_PEAintensityPleasantness_threshold,VALID,-,X,curated,
threshTask,260316_Dupi_NMH_PD_1,raw_PEAintensityPleasantness_threshold,VALID,-,X,curated,
threshTask,260504_Dupi_NMH_JA_1,raw_PEAintensityPleasantness_threshold,VALID,-,X,curated,
threshTask,260406_Dupi_NMH_BS_2,raw_PEAintensityPleasantness_threshold,VALID,-,X,curated,
threshTask,260514_OBE_NWU_BW_1,raw_PEAintensityPleasantness_threshold,VALID,-,X,curated,
threshTask,260608_OBE_NWU_RX_1,raw_PEAintensityPleasantness_threshold,NONE,-,,guess,
threshTask,260316_Dupi_NMH_PD_2,raw_PEAintensityPleasantness_threshold,NONE,-,,guess,
threshTask,260625_OBE_NWU_HM_2,raw_PEAintensityPleasantness_threshold,NONE,-,,guess,
threshTask,260504_Dupi_NMH_JA_2,raw_PEAintensityPleasantness_threshold,NONE,-,,guess,
threshTask,260702_OBE_NWU_SP_2,raw_PEAintensityPleasantness_threshold,NONE,-,,guess,
threshTask,260720_OBE_NWU_KA_2,raw_threshTask,NONE,-,,guess,
O15,250225_OBE_NWU_AS_4,raw_O15,VALID,-,X,curated,
O15,250623_Dupi_NMH_KS_1,raw_O15,VALID,-,X,curated,
O15,250623_Dupi_NMH_KS_2,raw_O15,VALID,-,X,curated,
O15,250818_Dupi_NMH_JH_1,raw_O15,VALID,-,X,curated,
O15,250908_OBE_NWU_AS,raw_O15,VALID,-,X,curated,
O15,250904_OBE_NWU_TI_1,raw_O15,VALID,-,X,curated,
O15,250818_Dupi_NMH_JH_2,raw_O15,VALID,-,X,curated,
O15,250811_Dupi_NMH_TPB_1,raw_O15,VALID,-,X,curated,
O15,250811_Dupi_NMH_TB_2,raw_O15,VALID,-,X,curated,
O15,250929_Dupi_NMH_GH_1,raw_O15,VALID,-,X,curated,
O15,251009_OBE_NWU_CP_1,raw_O15,VALID,-,X,curated,
O15,251002_Dupi_NMH_AB_1,raw_O15,VALID,-,X,curated,
O15,251027_Dupi_NMH_DL_1,raw_O15,VALID,-,X,curated,
O15,251006_OBE_NWU_RY_1,raw_O15,VALID,-,X,curated,
O15,250929_Dupi_NMH_GH_2,raw_O15,VALID,-,X,curated,
O15,251002_Dupi_NMH_AB_2,raw_O15,VALID,-,X,curated,
O15,251013_Dupi_NMH_JN_2,raw_O15,VALID,-,X,curated,
O15,251208_OBE_NWU_SP_1,raw_O15,VALID,-,X,curated,
O15,250623_Dupi_NMH_KS_3,raw_O15,VALID,-,X,curated,
O15,251030_Dupi_NMH_DB_1,raw_O15,VALID,-,X,curated,
O15,251110_Dupi_NMH_PC_1,raw_O15,VALID,-,X,curated,
O15,251120_Dupi_NMH_JL_1,raw_O15,VALID,-,X,curated,
O15,250818_Dupi_NMH_JH_3,raw_O15,VALID,-,X,curated,
O15,260105_OBE_NWU_ZF_1,raw_O15,VALID,-,X,curated,
O15,251030_Dupi_NMH_DB_2,raw_O15,VALID,-,X,curated,
O15,251110_Dupi_NMH_PC_2,raw_O15,VALID,-,X,curated,
O15,251120_Dupi_NMH_JL_2,raw_O15,VALID,-,X,curated,
O15,250811_Dupi_NMH_TB_3,raw_O15,VALID,-,X,curated,
O15,251002_Dupi_NMH_AB_3,raw_O15,VALID,-,X,curated,
O15,251013_Dupi_NMH_JN_3,raw_O15,VALID,-,X,curated,
O15,260406_Dupi_NMH_BS_1,raw_O15,VALID,-,X,curated,
O15,260326_OBE_NWU_AD_2,raw_O15,VALID,-,row?,curated,
O15,260316_Dupi_NMH_PD_1,raw_O15,VALID,-,X,curated,
O15,260504_Dupi_NMH_JA_1,raw_O15,VALID,-,X,curated,
O15,260406_Dupi_NMH_BS_2,raw_O15,VALID,-,X,curated,
O15,260514_OBE_NWU_BW_1,raw_O15,VALID,-,X,curated,
O15,260608_OBE_NWU_RX_1,raw_O15,NONE,-,,guess,
O15,260316_Dupi_NMH_PD_2,raw_O15,VALID,-,X,curated,
O15,260504_Dupi_NMH_JA_2,raw_O15,NONE,-,,guess,
O15,260702_OBE_NWU_SP_2,raw_O15,NONE,-,,guess,
EmotionalMovieTask,250225_OBE_NWU_AS_4,raw_EmotionalMovieTask,INCOMPLETE missing:bmFeatures,MISSING,X,guess,SHEET-AHEAD
EmotionalMovieTask,250904_OBE_NWU_TI_1,raw_EmotionalMovieTask,INCOMPLETE missing:bmFeatures+bmObj+moreThan1,closed-loop,,guess,
EmotionalMovieTask,251009_OBE_NWU_CP_1,raw_EmotionalMovieTask,INCOMPLETE missing:bmFeatures,closed-loop,X,guess,SHEET-AHEAD
EmotionalMovieTask,260806_EEG_NWU_JH,raw_EmotionalMovieTask,VALID,MISSING,X,guess,
EmotionalMovieTask,260806_EEG_NWU_MM,raw_EmotionalMovieTask,VALID,MISSING,X,guess,
EmotionalMovieTask,260807_EEG_NWU_GP,raw_EmotionalMovieTask,VALID,MISSING,X,guess,
EmotionalMovieTask,260810_EEG_NWU_IS,raw_EmotionalMovieTask,VALID,MISSING,X,guess,
EmotionalMovieTask,260810_EEG_NWU_AL,raw_EmotionalMovieTask,VALID,MISSING,X,guess,
EmotionalMovieTask,260811_EEG_NWU_MS,raw_EmotionalMovieTask,VALID,MISSING,X,guess,
EmotionalMovieTask,260811_EEG_NWU_HK,raw_EmotionalMovieTask,VALID,MISSING,X,guess,
alternating6Blocks,260805_EEG_NWU_CA,raw_alternating6Blocks,VALID,MISSING,X,guess,
alternating6Blocks,260806_EEG_NWU_JH,raw_alternating6Blocks,VALID,MISSING,X,guess,
alternating6Blocks,260806_EEG_NWU_MM,raw_alternating6Blocks,VALID,MISSING,X,guess,
alternating6Blocks,260807_EEG_NWU_GP,raw_alternating6Blocks,VALID,MISSING,X,guess,
alternating6Blocks,260810_EEG_NWU_IS,raw_alternating6Blocks,VALID,MISSING,X,guess,
alternating6Blocks,260810_EEG_NWU_AL,raw_alternating6Blocks,VALID,MISSING,X,guess,
alternating6Blocks,260811_EEG_NWU_MS,raw_alternating6Blocks,VALID,MISSING,X,guess,
alternating6Blocks,260811_EEG_NWU_HK,raw_alternating6Blocks,VALID,MISSING,X,guess,
breathingTasks_separate,250929_Dupi_NMH_GH_1,1/1 cond,VALID,closed-loop,X,guess,
breathingTasks_separate,251027_Dupi_NMH_DL_1,1/1 cond,VALID,closed-loop,X,guess,
breathingTasks_separate,251006_OBE_NWU_RY_1,1/1 cond,VALID,MISSING,X,guess,
breathingTasks_separate,260105_OBE_NWU_ZF_1,1/1 cond,VALID,MISSING,X,guess,
breathingTasks_separate,260625_OBE_NWU_HM_2,4/4 cond,VALID,MISSING,X,guess,
breathingTasks_separate,260702_OBE_NWU_SP_2,3/3 cond,VALID,MISSING,X,guess,
breathingTasks_separate,260622_OBE_NWU_RC_1,4/4 cond,VALID,MISSING,X,guess,
breathingTasks_separate,260720_OBE_NWU_KA_2,1/1 cond,VALID,MISSING,X,guess,
